{
  "base_mpnet": {
    "top1": 0.03965832824893228,
    "top5": 0.12034777303233679,
    "mrr": 0.08739355142291794,
    "evaluated": 6556,
    "avg_phenos": 8.564673581452105
  },
  "ft_pubmed_mpnet": {
    "top1": 0.03965832824893228,
    "top5": 0.12034777303233679,
    "mrr": 0.08739329878601032,
    "evaluated": 6556,
    "avg_phenos": 8.564673581452105
  }
}