{
  "base_mpnet": {
    "top1": 0.10294117647058823,
    "top5": 0.23529411764705882,
    "mrr": 0.17142946252787158,
    "evaluated": 612
  },
  "ft_pubmed_mpnet": {
    "top1": 0.10130718954248366,
    "top5": 0.2369281045751634,
    "mrr": 0.17169295474464882,
    "evaluated": 612
  }
}