{
  "base_pubmedbert": {
    "top1": 0.11560693641618497,
    "top5": 0.1907514450867052,
    "mrr": 0.16486642533627374,
    "evaluated": 173
  },
  "ft_pubmed_pubmedbert": {
    "top1": 0.11560693641618497,
    "top5": 0.2543352601156069,
    "mrr": 0.18523901303466686,
    "evaluated": 173
  },
  "base_mini": {
    "top1": 0.09248554913294797,
    "top5": 0.1791907514450867,
    "mrr": 0.14143015267778988,
    "evaluated": 173
  },
  "ft_pubmed_mini": {
    "top1": 0.05202312138728324,
    "top5": 0.11560693641618497,
    "mrr": 0.10048846527857785,
    "evaluated": 173
  },
  "base_sapbert": {
    "top1": 0.057803468208092484,
    "top5": 0.1329479768786127,
    "mrr": 0.10398266096250393,
    "evaluated": 173
  },
  "ft_pubmed_sapbert": {
    "top1": 0.08670520231213873,
    "top5": 0.1791907514450867,
    "mrr": 0.132995801682656,
    "evaluated": 173
  }
}