{
  "base": {
    "top1": 0.10116279069767442,
    "top5": 0.21744186046511627,
    "mrr": 0.16541987660126256,
    "evaluated": 860
  },
  "ft_pubmed": {
    "top1": 0.11744186046511627,
    "top5": 0.2313953488372093,
    "mrr": 0.1810154229227218,
    "evaluated": 860
  },
  "base_mini": {
    "top1": 0.11511627906976744,
    "top5": 0.24883720930232558,
    "mrr": 0.1833348094028992,
    "evaluated": 860
  },
  "ft_pubmed_mini": {
    "top1": 0.06279069767441861,
    "top5": 0.14302325581395348,
    "mrr": 0.10924222328784172,
    "evaluated": 860
  },
  "base_sapbert": {
    "top1": 0.06511627906976744,
    "top5": 0.13837209302325582,
    "mrr": 0.11067313133621193,
    "evaluated": 860
  },
  "ft_pubmed_sapbert": {
    "top1": 0.07674418604651163,
    "top5": 0.17906976744186046,
    "mrr": 0.1347865499173501,
    "evaluated": 860
  }
}