{
  "base": {
    "top1": 0.14473684210526316,
    "top5": 0.3125,
    "mrr": 0.23255540114115938,
    "evaluated": 608
  },
  "ft_pubmed": {
    "top1": 0.1875,
    "top5": 0.34868421052631576,
    "mrr": 0.2696251714599284,
    "evaluated": 608
  },
  "base_mini": {
    "top1": 0.11348684210526316,
    "top5": 0.2582236842105263,
    "mrr": 0.18845803798727379,
    "evaluated": 608
  },
  "ft_pubmed_mini": {
    "top1": 0.07401315789473684,
    "top5": 0.1513157894736842,
    "mrr": 0.12140662901413843,
    "evaluated": 608
  },
  "base_sapbert": {
    "top1": 0.08717105263157894,
    "top5": 0.17269736842105263,
    "mrr": 0.13838278824306116,
    "evaluated": 608
  },
  "ft_pubmed_sapbert": {
    "top1": 0.125,
    "top5": 0.26151315789473684,
    "mrr": 0.19720361651218515,
    "evaluated": 608
  }
}