{
  "base_mpnet": {
    "top1": 0.08782201405152225,
    "top5": 0.18384074941451992,
    "mrr": 0.14478429860176065,
    "evaluated": 854
  },
  "ft_pubmed_mpnet": {
    "top1": 0.08548009367681499,
    "top5": 0.18266978922716628,
    "mrr": 0.1435316598202933,
    "evaluated": 854
  }
}