{
  "top1": 0.06321839080459771,
  "top5": 0.13793103448275862,
  "mrr": 0.11357854585604807,
  "evaluated": 174
}